,Temps,Deviation,Cost,Taux,Trouve
basic mdd,156.072,63.2049,1,100,24
mfi,13730.5,3.22944,10493.2,64.4681,47
vnd-mdd-fe-fi-fs,21171.2,0.508612,5240.68,44.4248,113
vnd-edd-alea-1,41105.6,0.745195,15075.2,49.5263,95
ILS-insert-edd-s30-i5-be-bi-bs,3.00061e+07,0.178926,91021.4,100,61
GA-s10-g10000-m50-i1-swap,603478,0.540992,592957,66.1017,59
