,Temps,Deviation,Cost,Taux,Trouve
GA-s10-g1000-m300-i1,199246,0.987064,309302,64.2857,56
GA-s10-g1000-m50-i1,61045.5,1.1208,59305.4,71.8182,44
GA-s10-g1000-m50-i4,63734.6,1.44513,59293.9,79.4444,36
GA-s10-g10000-m50-i1,603478,0.540992,592957,66.1017,59
GA-s100-g1000-m50-i1,270823,1.62102,116494,75.5,40
